key,value
hero_eyebrow,Trusted by 500+ businesses in Chennai and beyond
hero_title,Tax compliance,<br>handled before<br>the deadline.
hero_sub,"GST, income tax, registrations, bookkeeping, notice advisory and certifications — run by a team that tracks every due date so you don't have to."
stat1_num,500+
stat1_label,Businesses served
stat2_num,10+
stat2_label,Years in practice
stat3_num,250+
stat3_label,GST registrations filed
stat4_num,0
stat4_label,Missed deadlines
sec_services_title,Everything a growing business needs to stay compliant
sec_services_sub,"Six areas, one team. Pick where you're starting from."
sec_process_title,How an engagement runs
sec_process_sub,"Four steps, from first call to ongoing filing."
process1_title,Consult
process1_desc,Tell us your business and what's outstanding. We tell you exactly what's needed.
process2_title,Plan
process2_desc,"You get a written compliance calendar — every filing, every due date, upfront."
process3_title,Execute
process3_desc,"We prepare, file, and confirm each return before the deadline — not on it."
process4_title,Support
process4_desc,"Ongoing advisory, so upcoming law changes reach you before they cost you."
sec_testimonials_title,What clients say
sec_testimonials_sub,Feedback from businesses we file for.
cta_title,Ready to hand off your compliance?
cta_sub,Get a written filing calendar and a quote within one working day.
sec_contact_title,Have a question? Ask us directly
sec_contact_sub,We reply within one working day.
footer_tagline,"Expert tax consulting, registrations, bookkeeping, notice advisory and license certifications — trusted by businesses across India."
footer_address,"4, Karpaga Vinayagar St, Kandhanchavadi, Perungudi, Chennai – 600096"
footer_phone,+91 96264 85868
footer_email,tameenansaris@gmail.com
phero_title,The full service catalog
phero_sub,"Every filing, registration and certificate we handle, grouped by what stage your business is at — with the turnaround you can expect."
cta2_title,Not sure where to start?
cta2_sub,"Tell us what you're dealing with — we'll point to the right service and a realistic timeline."
