category_slug,category_label,category_desc,turnaround,item_name,item_code
startups,Startup registration,"The right legal structure for a new or growing business, registered end to end with the required documentation.",5–15 days,Proprietorship,REG-01
startups,Startup registration,"The right legal structure for a new or growing business, registered end to end with the required documentation.",5–15 days,Partnership firm,REG-02
startups,Startup registration,"The right legal structure for a new or growing business, registered end to end with the required documentation.",5–15 days,One Person Company (OPC),REG-03
startups,Startup registration,"The right legal structure for a new or growing business, registered end to end with the required documentation.",5–15 days,Limited Liability Partnership (LLP),REG-04
startups,Startup registration,"The right legal structure for a new or growing business, registered end to end with the required documentation.",5–15 days,Private Limited Company,REG-05
startups,Startup registration,"The right legal structure for a new or growing business, registered end to end with the required documentation.",5–15 days,Section 8 Company (NGO),REG-06
registrations,Registrations,"The licenses and IDs that let a registered business legally trade, hire and import or export.",3–10 days,GST registration,LIC-01
registrations,Registrations,"The licenses and IDs that let a registered business legally trade, hire and import or export.",3–10 days,GST registration for NRI,LIC-02
registrations,Registrations,"The licenses and IDs that let a registered business legally trade, hire and import or export.",3–10 days,EPF registration,LIC-03
registrations,Registrations,"The licenses and IDs that let a registered business legally trade, hire and import or export.",3–10 days,ESI registration,LIC-04
registrations,Registrations,"The licenses and IDs that let a registered business legally trade, hire and import or export.",3–10 days,Udyam registration (MSME),LIC-05
registrations,Registrations,"The licenses and IDs that let a registered business legally trade, hire and import or export.",3–10 days,Import & Export Code (IEC),LIC-06
registrations,Registrations,"The licenses and IDs that let a registered business legally trade, hire and import or export.",3–10 days,Professional tax registration,LIC-07
registrations,Registrations,"The licenses and IDs that let a registered business legally trade, hire and import or export.",3–10 days,Digital Signature Certificate (DSC),LIC-08
gst,GST services,"Ongoing GST compliance — from first registration through audits, refunds and cancellation.",Monthly / annual,GST registration,GST-01
gst,GST services,"Ongoing GST compliance — from first registration through audits, refunds and cancellation.",Monthly / annual,GST monthly filings (GSTR-1, 3B),GST-02
gst,GST services,"Ongoing GST compliance — from first registration through audits, refunds and cancellation.",Monthly / annual,GST annual filings (GSTR-9 / 9C),GST-03
gst,GST services,"Ongoing GST compliance — from first registration through audits, refunds and cancellation.",Monthly / annual,GST amendments,GST-04
gst,GST services,"Ongoing GST compliance — from first registration through audits, refunds and cancellation.",Monthly / annual,GST audits,GST-05
gst,GST services,"Ongoing GST compliance — from first registration through audits, refunds and cancellation.",Monthly / annual,GST refunds,GST-06
gst,GST services,"Ongoing GST compliance — from first registration through audits, refunds and cancellation.",Monthly / annual,GST assessment support,GST-07
gst,GST services,"Ongoing GST compliance — from first registration through audits, refunds and cancellation.",Monthly / annual,LUT filing,GST-08
gst,GST services,"Ongoing GST compliance — from first registration through audits, refunds and cancellation.",Monthly / annual,GST cancellation / surrender,GST-09
gst,GST services,"Ongoing GST compliance — from first registration through audits, refunds and cancellation.",Monthly / annual,GSTR-10 filing,GST-10
income-tax,Income tax,"Return filing across income types, plus TDS returns and forward-looking tax planning.",ITR filing,Salary (ITR-1),ITR-01
income-tax,Income tax,"Return filing across income types, plus TDS returns and forward-looking tax planning.",ITR filing,House property,ITR-02
income-tax,Income tax,"Return filing across income types, plus TDS returns and forward-looking tax planning.",ITR filing,Business & profession (ITR-3/4),ITR-03
income-tax,Income tax,"Return filing across income types, plus TDS returns and forward-looking tax planning.",ITR filing,Capital gains,ITR-04
income-tax,Income tax,"Return filing across income types, plus TDS returns and forward-looking tax planning.",ITR filing,Income from other sources,ITR-05
income-tax,Income tax,"Return filing across income types, plus TDS returns and forward-looking tax planning.",ITR filing,TDS return filing,ITR-06
income-tax,Income tax,"Return filing across income types, plus TDS returns and forward-looking tax planning.",ITR filing,Tax planning & advisory,ITR-07
bookkeeping,Bookkeeping,"Day-to-day accounting and statutory returns kept current, so year-end is never a scramble.",Monthly,GST monthly returns,BK-01
bookkeeping,Bookkeeping,"Day-to-day accounting and statutory returns kept current, so year-end is never a scramble.",Monthly,GST input & output reconciliation,BK-02
bookkeeping,Bookkeeping,"Day-to-day accounting and statutory returns kept current, so year-end is never a scramble.",Monthly,TDS payments & returns,BK-03
bookkeeping,Bookkeeping,"Day-to-day accounting and statutory returns kept current, so year-end is never a scramble.",Monthly,EPF monthly returns,BK-04
bookkeeping,Bookkeeping,"Day-to-day accounting and statutory returns kept current, so year-end is never a scramble.",Monthly,ESI monthly returns,BK-05
bookkeeping,Bookkeeping,"Day-to-day accounting and statutory returns kept current, so year-end is never a scramble.",Monthly,MSME returns,BK-06
bookkeeping,Bookkeeping,"Day-to-day accounting and statutory returns kept current, so year-end is never a scramble.",Monthly,Professional tax filings,BK-07
bookkeeping,Bookkeeping,"Day-to-day accounting and statutory returns kept current, so year-end is never a scramble.",Monthly,Tally accounting,BK-08
bookkeeping,Bookkeeping,"Day-to-day accounting and statutory returns kept current, so year-end is never a scramble.",Monthly,Bank statement reconciliation,BK-09
bookkeeping,Bookkeeping,"Day-to-day accounting and statutory returns kept current, so year-end is never a scramble.",Monthly,MIS reports,BK-10
bookkeeping,Bookkeeping,"Day-to-day accounting and statutory returns kept current, so year-end is never a scramble.",Monthly,Virtual bookkeeping services,BK-11
bookkeeping,Bookkeeping,"Day-to-day accounting and statutory returns kept current, so year-end is never a scramble.",Monthly,Statutory compliance reporting,BK-12
notice-advisory,Notice advisory,"Received a notice? This is handled first, ahead of routine filings, with direct departmental representation.",Priority handling,GST notice assistance,NTC-01
notice-advisory,Notice advisory,"Received a notice? This is handled first, ahead of routine filings, with direct departmental representation.",Priority handling,GST non-filing notice support,NTC-02
notice-advisory,Notice advisory,"Received a notice? This is handled first, ahead of routine filings, with direct departmental representation.",Priority handling,GST notice appeal filings,NTC-03
notice-advisory,Notice advisory,"Received a notice? This is handled first, ahead of routine filings, with direct departmental representation.",Priority handling,GST bank recovery notice support,NTC-04
notice-advisory,Notice advisory,"Received a notice? This is handled first, ahead of routine filings, with direct departmental representation.",Priority handling,GST audit notice support,NTC-05
notice-advisory,Notice advisory,"Received a notice? This is handled first, ahead of routine filings, with direct departmental representation.",Priority handling,GST assessment notice support,NTC-06
notice-advisory,Notice advisory,"Received a notice? This is handled first, ahead of routine filings, with direct departmental representation.",Priority handling,GST enforcement notice support,NTC-07
notice-advisory,Notice advisory,"Received a notice? This is handled first, ahead of routine filings, with direct departmental representation.",Priority handling,GST revocation & surrender support,NTC-08
notice-advisory,Notice advisory,"Received a notice? This is handled first, ahead of routine filings, with direct departmental representation.",Priority handling,GST scrutiny notice advisory,NTC-09
notice-advisory,Notice advisory,"Received a notice? This is handled first, ahead of routine filings, with direct departmental representation.",Priority handling,GST summons advisory,NTC-10
notice-advisory,Notice advisory,"Received a notice? This is handled first, ahead of routine filings, with direct departmental representation.",Priority handling,All income tax notice support,NTC-11
notice-advisory,Notice advisory,"Received a notice? This is handled first, ahead of routine filings, with direct departmental representation.",Priority handling,Departmental representation,NTC-12
notice-advisory,Notice advisory,"Received a notice? This is handled first, ahead of routine filings, with direct departmental representation.",Priority handling,GST refund rejection support,NTC-13
notice-advisory,Notice advisory,"Received a notice? This is handled first, ahead of routine filings, with direct departmental representation.",Priority handling,Tax & GST notice management,NTC-14
licenses,Licenses & certificates,"Certification for visas, loans, tenders and other formal requirements.",3–5 days,Net worth certificate support,CRT-01
licenses,Licenses & certificates,"Certification for visas, loans, tenders and other formal requirements.",3–5 days,Turnover certificate support,CRT-02
licenses,Licenses & certificates,"Certification for visas, loans, tenders and other formal requirements.",3–5 days,Net working capital certificate,CRT-03
licenses,Licenses & certificates,"Certification for visas, loans, tenders and other formal requirements.",3–5 days,Net worth certificate for visa,CRT-04
licenses,Licenses & certificates,"Certification for visas, loans, tenders and other formal requirements.",3–5 days,Net worth certificate for loan,CRT-05
